email;uName;phoneNumber;uAddress;workingDays;iName;lName
lacy.wyman83@outlook.com;Lacy Wyman;1-276-431-7247;01669 VonRueden Flats Suite 260, Montreal, QC, H7X8Q3;MR;Corwin College;Rubens Library
otha.kunze64@gmail.com;Otha Kunze;292-710-0326;699 Wes Path Suite 499, Montreal, QC, H8G3T4;MTWF;Fisher College;Diego Rivera Library
preston.bogisich67@icloud.com;Preston Bogisich;1-396-154-7055;906 Daniel Alley Apt. 118, Montreal, QC, H9X0A5;M;Corwin University;Pissarro Library
eldon.orn00@outlook.com;Eldon Orn;309-993-1152;0429 Gus Springs Suite 539, Montreal, QC, H8M3K7;MF;Eastern Brown;Ansel Adams Library
tom.dicki15@gmail.com;Tom Dicki;564-975-6266;1313 Sue Brooks Apt. 953, Montreal, QC, H6C5M9;TWF;Southern Senger College;Donatello Library
estrella.padberg31@outlook.com;Estrella Padberg;209-829-0670;880 Rohan Ranch Suite 128, Montreal, QC, H8S0F0;MTWR;Eastern Brown;Durer Library
theodore.watsica81@gmail.com;Theodore Watsica;831-589-4227;47810 Britt Manors Apt. 469, Montreal, QC, H9X2H4;W;West Legros;Warhol Library
lecia.dare02@outlook.com;Lecia Dare;666-453-7451;3142 Bayer Curve Apt. 770, Montreal, QC, H8Q2H0;TWRF;Eastern Brown;Ansel Adams Library
inez.weimann15@icloud.com;Inez Weimann;1-388-949-4117;1095 Loraine Mountains Suite 256, Montreal, QC, H6A3G8;MTRF;Eastern Prince Edward Island University;Dali Library
kasey.macejkovic30@outlook.com;Kasey Macejkovic;541-392-4541;970 Windler Land Apt. 266, Montreal, QC, H6R9E1;MTWR;The Vandervort Academy;Rothko Library
mike.harber70@mail.com;Mike Harber;721-419-8569;5450 Cedric Course Apt. 638, Montreal, QC, H1W8Y0;TWF;The Parisian;Chagall Library
dovie.quigley73@gmail.com;Dovie Quigley;218-810-7440;884 Zack Plain Apt. 115, Montreal, QC, H1C3K5;MWF;East Boehm Academy;Raphael Library
lorean.lehner93@gmail.com;Lorean Lehner;306-536-1139;046 Mirian Plaza Apt. 115, Montreal, QC, H2Y1F3;MWF;West Legros;Warhol Library
ahmad.hoppe24@gmail.com;Ahmad Hoppe;509-779-4769;1293 Hand Grove Suite 102, Montreal, QC, H1W5J5;TWRF;South Quebec Institute;Botticelli Library
brock.spencer96@mail.com;Brock Spencer;173-611-1296;151 Rolfson Island Apt. 930, Montreal, QC, H2F9W5;WF;The Parisian;Gauguin Library
josefina.wilderman38@icloud.com;Josefina Wilderman;1-179-874-8971;742 Predovic Expressway Apt. 754, Montreal, QC, H6P5Z6;MWRF;Pollich College;Kahlo Library
thanh.block58@gmail.com;Thanh Block;952-760-3286;44699 Gorczany Terrace Apt. 794, Montreal, QC, H2Q0M8;MW;East Krajcik Academy;Bernini Library
myles.orn27@gmail.com;Myles Orn;841-548-5410;08402 Waelchi Common Suite 222, Montreal, QC, H1Q8T7;MTWR;South Ontario Institute;Dali Library
rosio.weber25@gmail.com;Rosio Weber;585-390-5846;3095 Nader Walks Suite 884, Montreal, QC, H4I9B4;WRF;The Vandervort Academy;Rothko Library
dallas.hirthe55@icloud.com;Dallas Hirthe;068-538-0088;405 Hong Plaza Suite 038, Montreal, QC, H9F2H4;W;North Quebec College;Michelangelo Library
seymour.brakus25@outlook.com;Seymour Brakus;680-020-3363;1962 Schaden Shores Apt. 576, Montreal, QC, H6V1T9;MTWF;Corwin University;Pissarro Library
nila.collier51@gmail.com;Nila Collier;710-919-5564;50396 Heathcote Land Suite 512, Montreal, QC, H3M2H2;MTWR;Western Yukon Institute;Warhol Library
dara.cremin10@outlook.com;Dara Cremin;1-654-445-4926;34994 Roland Highway Apt. 498, Montreal, QC, H6K7Z6;MTWRF;Bednar University;Kandinsky Library
joseph.quitzon28@mail.com;Joseph Quitzon;789-579-1015;8929 Shayna Row Apt. 398, Montreal, QC, H4M1C4;MF;Bailey University;Donatello Library
curt.daugherty29@outlook.com;Curt Daugherty;268-887-5478;725 Ronald Falls Suite 633, Montreal, QC, H6W0M4;MT;Corwin University;Pissarro Library
gricelda.brekke41@icloud.com;Gricelda Brekke;1-720-923-3183;545 Marvin Point Suite 884, Montreal, QC, H1R5N5;MRF;Bailey University;Matisse Library
vanesa.zulauf42@outlook.com;Vanesa Zulauf;690-058-5704;9710 Richie Island Suite 768, Montreal, QC, H7D0O5;TW;Western Yukon Institute;Warhol Library
latisha.leffler08@outlook.com;Latisha Leffler;216-141-9080;32730 Lebsack Extensions Apt. 110, Montreal, QC, H6L9J4;MR;Western Yukon Institute;Warhol Library
charissa.tromp52@mail.com;Charissa Tromp;339-113-9176;1588 Fay Union Apt. 499, Montreal, QC, H8G9W8;WF;Pollich College;Kahlo Library
mike.parisian56@icloud.com;Mike Parisian;369-733-9792;001 Joie Branch Suite 222, Montreal, QC, H7S5U9;MT;Southern Senger College;Magritte Library
jerrie.donnelly24@mail.com;Jerrie Donnelly;182-358-4562;551 Roslyn Pass Apt. 874, Montreal, QC, H9V0U7;T;West Legros;Warhol Library
christel.koch58@icloud.com;Christel Koch;889-944-8623;9888 Antone Centers Suite 950, Montreal, QC, H7X8C8;TR;North Ontario Institute;Durer Library
antione.durgan97@mail.com;Antione Durgan;1-105-436-7755;3939 Jarrett Summit Apt. 627, Montreal, QC, H7P5N2;RF;South Quebec Institute;Titian Library
porter.nicolas40@gmail.com;Porter Nicolas;523-171-8793;334 Nguyet Gardens Suite 122, Montreal, QC, H7B2L5;WR;North Ontario Institute;Durer Library
lonny.bauch48@icloud.com;Lonny Bauch;756-260-5202;263 Lesch Valleys Suite 653, Montreal, QC, H0I3Y4;MTF;South Ontario Institute;Manet Library
felice.runolfsson81@icloud.com;Felice Runolfsson;007-606-0396;2370 Trantow Circle Suite 168, Montreal, QC, H8C1N5;MTF;Pollich College;Kahlo Library
bud.mills67@gmail.com;Bud Mills;199-219-2515;535 Zulema Ports Suite 511, Montreal, QC, H9V5M8;MWR;Bailey University;Donatello Library
connie.heathcote37@outlook.com;Connie Heathcote;500-573-9073;6883 Meg Mountains Suite 878, Montreal, QC, H6T6N2;MTF;Corwin College;Donatello Library
dean.swaniawski82@mail.com;Dean Swaniawski;091-848-4211;2837 Karie Rue Suite 005, Montreal, QC, H9Z6T3;TWRF;Bailey University;Matisse Library
dillon.kessler99@mail.com;Dillon Kessler;1-892-617-6086;7766 Hassan Station Suite 272, Montreal, QC, H6M3G7;MTW;North Ontario Institute;Gauguin Library
jennette.corkery94@outlook.com;Jennette Corkery;011-081-3557;30596 Ward Extensions Apt. 438, Montreal, QC, H6V1L2;MTWF;Southern Senger College;Donatello Library
denny.west92@mail.com;Denny West;329-513-7612;5468 Shirly Shore Apt. 746, Montreal, QC, H6H3J5;MTRF;Southern Schuster Institute;Rembrandt Library
adria.murazik96@gmail.com;Adria Murazik;864-208-0067;75196 Douglas Lakes Suite 685, Montreal, QC, H7G7L1;W;Western Yukon Institute;Joan Miro Library
jose.erdman38@gmail.com;Jose Erdman;301-326-6614;165 O'Connell Mews Apt. 241, Montreal, QC, H1X6E8;MTWF;Western Yukon Institute;Da Vinci Library
juan.wisozk87@gmail.com;Juan Wisozk;1-244-789-7291;736 Brekke Forge Suite 277, Montreal, QC, H1J5D7;MTRF;Pollich College;Munch Library
raymon.ratke75@icloud.com;Raymon Ratke;188-164-7968;202 Calvin Oval Apt. 246, Montreal, QC, H3C3X0;MTR;Bailey University;Da Vinci Library
bret.runte60@icloud.com;Bret Runte;622-315-8536;70764 Reilly Row Suite 884, Montreal, QC, H3E6U5;RF;East Krajcik Academy;Bernini Library
chantal.wiza75@mail.com;Chantal Wiza;1-724-334-4338;120 Beer Wall Suite 324, Montreal, QC, H0P8Y8;RF;Southern Schuster Institute;Rembrandt Library
concha.beier13@gmail.com;Concha Beier;884-829-6739;513 Yundt Wells Suite 484, Montreal, QC, H6W7O9;F;Eastern Prince Edward Island University;Dali Library
tim.volkman45@mail.com;Tim Volkman;536-436-4902;47360 Linh Lakes Suite 435, Montreal, QC, H8I9S5;MWF;South Quebec Institute;Ansel Adams Library
frederic.hoeger31@gmail.com;Frederic Hoeger;343-162-3471;696 Cruickshank Causeway Suite 761, Montreal, QC, H3U4S9;T;South Ontario Institute;Edward Hopper Library
rufus.fadel15@outlook.com;Rufus Fadel;569-770-7036;91217 Loida Island Suite 878, Montreal, QC, H1Q8H0;MW;Southern Senger College;Donatello Library
bruna.bruen75@outlook.com;Bruna Bruen;415-500-9987;6270 Son Causeway Suite 623, Montreal, QC, H9V9F9;MTF;Fisher College;Diego Rivera Library
bobbie.grady83@gmail.com;Bobbie Grady;579-168-1104;7281 Stanton Court Apt. 745, Montreal, QC, H0J9P6;MR;Southern Senger College;Dali Library
simona.runte98@mail.com;Simona Runte;1-166-996-1826;893 Maura Canyon Suite 466, Montreal, QC, H0S4K0;MTWR;South Ontario Institute;Dali Library
prince.heller69@mail.com;Prince Heller;653-059-5250;927 Luis Ridges Suite 612, Montreal, QC, H3B2F1;MTWR;Southern Schuster Institute;Rembrandt Library
theo.o'hara21@icloud.com;Theo O'Hara;337-433-0477;81317 Fidela Greens Suite 907, Montreal, QC, H9K7X8;MWR;North Ontario Institute;Gauguin Library
ernest.rutherford57@gmail.com;Ernest Rutherford;481-051-4295;6916 Gutkowski Lodge Suite 775, Montreal, QC, H0O8A9;MTWR;Bailey University;Da Vinci Library
maxwell.wisozk49@icloud.com;Maxwell Wisozk;1-301-752-9038;46789 Stacy Plaza Suite 782, Montreal, QC, H1L8T6;MF;Western Yukon Institute;Da Vinci Library
hector.casper33@icloud.com;Hector Casper;921-064-2242;54450 Dach Parkway Suite 873, Montreal, QC, H4T6C4;TWF;Western Yukon Institute;Warhol Library
versie.fay48@gmail.com;Versie Fay;1-485-352-7045;486 Robel Islands Apt. 263, Montreal, QC, H7U5F4;W;North Ontario Institute;Gauguin Library
tim.mann43@outlook.com;Tim Mann;309-428-7934;529 Forest Throughway Apt. 059, Montreal, QC, H3X3J3;M;South Ontario Institute;Edward Hopper Library
michal.stehr17@icloud.com;Michal Stehr;1-873-424-0699;6299 Jakubowski Hollow Apt. 482, Montreal, QC, H7D4S3;MWR;The Parisian;Monet Library
merrill.abbott99@mail.com;Merrill Abbott;784-673-1378;524 Karoline Summit Apt. 539, Montreal, QC, H4D7G9;MT;South Quebec Institute;Ansel Adams Library
shonda.cummings99@mail.com;Shonda Cummings;157-817-7096;45254 Beatty Flat Suite 503, Montreal, QC, H8G9H4;MTR;South Ontario Institute;Dali Library
benny.mcglynn59@mail.com;Benny McGlynn;955-897-4135;825 Wisozk Knoll Suite 792, Montreal, QC, H0R4Y2;MRF;Pollich College;Kahlo Library
bette.ernser54@icloud.com;Bette Ernser;1-217-433-3781;5348 Huel Squares Apt. 397, Montreal, QC, H2Y0T6;TF;The Green;Chagall Library
fidel.lehner03@outlook.com;Fidel Lehner;1-471-969-3429;71944 Corwin Union Apt. 071, Montreal, QC, H6X1V9;R;Western Yukon Institute;Da Vinci Library
lenard.volkman88@mail.com;Lenard Volkman;1-490-052-4132;7986 Masako Hollow Suite 152, Montreal, QC, H3D2Y2;TW;Corwin College;Joan Miro Library
lynna.cartwright07@mail.com;Lynna Cartwright;558-900-9185;80505 Reinger Loaf Apt. 965, Montreal, QC, H6E3X5;MWRF;Southern Schuster Institute;Rembrandt Library
allyson.boehm07@outlook.com;Allyson Boehm;365-220-4911;85138 Hahn Motorway Suite 969, Montreal, QC, H9Y3W2;M;The Vandervort Academy;Cezanne Library
brain.kassulke97@gmail.com;Brain Kassulke;799-875-6091;102 Flatley Trail Suite 695, Montreal, QC, H0L5N8;TWR;South Quebec Institute;Ansel Adams Library
carmella.klein46@gmail.com;Carmella Klein;617-661-4796;7585 Walter Course Suite 023, Montreal, QC, H2H1A5;RF;West Legros;Edward Hopper Library
mariana.pacocha69@gmail.com;Mariana Pacocha;794-431-9423;344 Penney Greens Apt. 499, Montreal, QC, H1D7U2;MTWRF;Corwin College;Donatello Library
mervin.hirthe49@icloud.com;Mervin Hirthe;1-325-280-2971;14722 Euna Flat Apt. 188, Montreal, QC, H2I1Q8;MWR;Bednar University;Rothko Library
joshua.bednar07@outlook.com;Joshua Bednar;048-694-2528;76460 Rosanna Common Suite 213, Montreal, QC, H0D0U5;MW;The Green;Chagall Library
shoshana.lemke66@mail.com;Shoshana Lemke;1-383-680-4448;9087 Zulauf Flat Suite 579, Montreal, QC, H1E3G1;MTR;Eastern Brown;Durer Library
ricardo.kerluke05@gmail.com;Ricardo Kerluke;1-472-795-4528;90307 Cronin Cliff Suite 218, Montreal, QC, H1D7H1;R;Bednar University;Kandinsky Library
jerrold.herzog87@gmail.com;Jerrold Herzog;1-744-151-8020;775 Hattie Court Suite 622, Montreal, QC, H9P3F1;M;North Quebec College;Paul Klee Library
tiffanie.williamson56@gmail.com;Tiffanie Williamson;738-552-4950;8735 Breitenberg Course Apt. 789, Montreal, QC, H7N8X8;MWF;Western Yukon Institute;Joan Miro Library
edwardo.douglas80@outlook.com;Edwardo Douglas;1-204-920-0712;0472 Kreiger Circle Suite 184, Montreal, QC, H0Z2L0;W;Southern Schuster Institute;Rembrandt Library
jesusa.champlin13@outlook.com;Jesusa Champlin;050-401-4032;01155 Demarcus Village Apt. 249, Montreal, QC, H1G0P6;TRF;Haag Institute;Joan Miro Library
galina.huels00@mail.com;Galina Huels;1-789-028-9497;0682 Richard Stream Apt. 474, Montreal, QC, H4M7M9;MRF;Southern Senger College;Magritte Library
warner.corkery39@gmail.com;Warner Corkery;784-534-3767;59469 Bruce Shore Suite 174, Montreal, QC, H3P1H5;TWRF;The Green;Chagall Library
guy.raynor06@icloud.com;Guy Raynor;971-173-1218;1183 Leannon Groves Suite 722, Montreal, QC, H8K9G4;TWR;Northern Streich University;Seurat Library
clement.mcdermott68@gmail.com;Clement McDermott;823-146-2226;990 Ziemann Ports Apt. 542, Montreal, QC, H1E6G8;TWRF;East Krajcik Academy;Bernini Library
huey.prosacco27@mail.com;Huey Prosacco;634-213-7650;52952 Bruen Locks Suite 415, Montreal, QC, H9B8Z2;RF;Eastern Prince Edward Island University;Vettriano Library
valorie.walker13@icloud.com;Valorie Walker;741-361-8173;88439 Marian Land Suite 924, Montreal, QC, H5D2Y7;MTWF;Bednar University;Kandinsky Library
newton.howe19@icloud.com;Newton Howe;533-102-6990;9566 Katie Groves Suite 361, Montreal, QC, H7C3A3;MTWR;Southern Schuster Institute;Rembrandt Library
esmeralda.d'amore23@mail.com;Esmeralda D'Amore;925-637-5813;4472 Rod Pine Apt. 673, Montreal, QC, H0I5N3;MT;Fisher College;Diego Rivera Library
harold.stokes50@outlook.com;Harold Stokes;944-455-0727;54446 Hermiston Junction Apt. 739, Montreal, QC, H7A2V6;TWRF;North Quebec College;Paul Klee Library
murray.wunsch64@gmail.com;Murray Wunsch;395-458-3485;309 Hoppe Mission Apt. 339, Montreal, QC, H3Q0P8;TRF;Pollich College;Cezanne Library
rosella.hills88@gmail.com;Rosella Hills;1-597-910-6709;735 Boyle Heights Suite 883, Montreal, QC, H1P6H5;MTWF;West Keebler;Winslow Homer Library
reva.gibson11@mail.com;Reva Gibson;299-211-0133;926 Glover Harbor Apt. 882, Montreal, QC, H5O8V7;MTWR;Corwin College;Joan Miro Library
chun.mosciski22@mail.com;Chun Mosciski;1-982-613-0792;332 Stracke Mission Apt. 780, Montreal, QC, H9V8K9;MTW;Hirthe University;Kandinsky Library
angila.kemmer49@mail.com;Angila Kemmer;219-727-6499;6729 Heller Falls Suite 936, Montreal, QC, H9M9P7;MTWF;East Yukon College;Pissarro Library
phillip.davis84@icloud.com;Phillip Davis;292-059-5653;24318 Frami Corner Suite 330, Montreal, QC, H6W4L9;F;South Ontario Institute;Dali Library
jeremy.bruen51@gmail.com;Jeremy Bruen;1-858-979-1396;75319 Francesca Lodge Apt. 024, Montreal, QC, H2X6Y7;WRF;Goodwin Institute;Cassatt Library
mario.gulgowski41@mail.com;Mario Gulgowski;352-603-6269;5953 Hermann Route Suite 657, Montreal, QC, H8Z7H8;MTWR;South Ontario Institute;Dali Library
epifania.o'kon70@mail.com;Epifania O'Kon;092-297-8998;750 Larson Spur Suite 337, Montreal, QC, H2D5R8;MRF;Eastern Brown;Ansel Adams Library
